issue,date,number
2026001,2026-01-01,314
2026002,2026-01-02,027
2026003,2026-01-03,680
2026004,2026-01-04,492
2026005,2026-01-05,116
2026006,2026-01-06,753
2026007,2026-01-07,240
2026008,2026-01-08,909
2026009,2026-01-09,571
2026010,2026-01-10,338
2026011,2026-01-11,062
2026012,2026-01-12,845
2026013,2026-01-13,190
2026014,2026-01-14,724
2026015,2026-01-15,456
2026016,2026-01-16,881
2026017,2026-01-17,209
2026018,2026-01-18,637
2026019,2026-01-19,350
2026020,2026-01-20,974
2026021,2026-01-21,128
2026022,2026-01-22,705
2026023,2026-01-23,562
2026024,2026-01-24,413
2026025,2026-01-25,096
2026026,2026-01-26,741
2026027,2026-01-27,285
2026028,2026-01-28,630
2026029,2026-01-29,507
2026030,2026-01-30,869
2026031,2026-01-31,142
2026032,2026-02-01,394
2026033,2026-02-02,760
2026034,2026-02-03,018
2026035,2026-02-04,925
2026036,2026-02-05,476
2026037,2026-02-06,231
2026038,2026-02-07,684
2026039,2026-02-08,509
2026040,2026-02-09,357

